Subreddit,Total_Upvotes,Mean_Upvotes,Subscriber_Count
blackpeopletwitter,1800960,3993.26,5700000
WhitePeopleTwitter,2680825,3309.66,3100000
wholesomememes,1924382,3289.54,15200000
youdontsurf,1942975,2404.67,382000
HistoryMemes,1266249,1975.43,9100000
me_irl,1279217,1932.35,7600000
PrequelMemes,1388885,1894.8,2800000
ProgrammerHumor,1114711,1876.62,3400000
PoliticalHumor,1148201,1373.45,1600000
sadcringe,354134,1326.34,1300000
interestingasfuck,193146,1313.92,11700000
dankmemes,879185,1312.22,6000000
AdviceAnimals,528498,1298.52,10000000
terriblefacebookmemes,948809,1287.39,2200000
oddlysatisfying,111319,1264.99,10400000
memes,371006,1066.11,29400000
2meirl4meirl,853796,999.76,1500000
bonehurtingjuice,579886,974.6,903000
ExpectationVsReality,223116,808.39,2000000
AntiMeme,484964,597.25,956000
ComedyCemetery,218662,502.67,1000000
woooosh,117270,437.57,1100000
wholesomemes,295186,389.94,714000
absolutelynotme_irl,300935,352.8,507000
surrealmemes,131936,337.43,904000
JustUnsubbed,120315,195,234000
lostredditors,121773,160.23,776000
DeepFried,76163,87.44,18500
dank_meme,50869,73.94,785000
