Subreddit,Subscriber_Count,Total_Upvotes,Mean_Upvotes,Total_Normalized_Upvotes,Mean_Normalized_Upvotes
WhitePeopleTwitter,3100000,2680825,3309.66,65.42107960368975,0.08
wholesomememes,15200000,1924382,3289.54,42.507289339203126,0.07
blackpeopletwitter,5700000,1800960,3993.26,45.198012347538004,0.1
youdontsurf,382000,1942975,2404.67,35.18671109581843,0.04
interestingasfuck,11700000,193146,1313.92,5.605746626033951,0.04
2meirl4meirl,1500000,853796,999.76,29.34208536669183,0.03
PoliticalHumor,1600000,1148201,1373.45,30.62032641740889,0.04
ExpectationVsReality,2000000,223116,808.39,2.285977746357643,0.01
HistoryMemes,9100000,1266249,1975.43,41.47828223270437,0.06
PrequelMemes,2800000,1388885,1894.8,53.34479182670146,0.07
ProgrammerHumor,3400000,1114711,1876.62,32.72113775794755,0.06
dankmemes,6000000,879185,1312.22,49.60980701952373,0.07
surrealmemes,904000,131936,337.43,13.409408033826619,0.03
me_irl,7600000,1279217,1932.35,19.361833840378967,0.03
terriblefacebookmemes,2200000,948809,1287.39,107.02865200225604,0.15
oddlysatisfying,10400000,111319,1264.99,9.20219889228734,0.1
bonehurtingjuice,903000,579886,974.6,63.3132438039087,0.11
sadcringe,1300000,354134,1326.34,37.18723091462773,0.14
AntiMeme,956000,484964,597.25,58.883438562408905,0.07
woooosh,1100000,117270,437.57,19.11172819340084,0.07
AdviceAnimals,10000000,528498,1298.52,19.86237221888152,0.05
memes,29400000,371006,1066.11,9.959357886824852,0.03
ComedyCemetery,1000000,218662,502.67,35.5432379713914,0.08
wholesomemes,714000,295186,389.94,109.44975899147198,0.14
absolutelynotme_irl,507000,300935,352.8,17.65118188750069,0.02
DeepFried,18500,76163,87.44,63.69881556683583,0.07
lostredditors,776000,121773,160.23,14.138279345175864,0.02
JustUnsubbed,234000,120315,195.0,23.22235089751011,0.04
dank_meme,785000,50869,73.94,58.06963470319632,0.08
